,chr,id,posg,pos,ref,alt
1,1,id1000223,0,422620,T,G
2,1,id1001073,0,1174585,G,A
3,1,id1001973,0,2568541,T,C
4,1,id1002158,0,2725468,T,C
5,1,id1002308,0,2899077,C,T
6,1,id1002899,0,3528691,A,G
7,1,id1003036,0,3695404,G,C
8,1,id1003559,0,4259452,T,C
9,1,id1003812,0,4587744,C,T
10,1,id1003838,0,4645923,T,C
11,1,id1004109,0,5070146,T,C
12,1,id1004156,0,5129109,T,C
13,1,id1004420,0,5633253,T,A
14,1,id1004591,0,5835846,G,A
15,1,id1004849,0,6219741,A,C
16,1,id1004874,0,6249675,C,A
17,1,id1005141,0,6666524,A,C
18,1,id1005261,0,6973408,C,T
19,1,id1005465,0,7126837,C,T
20,1,id1006175,0,7853081,A,G
21,1,id1006604,0,8759542,A,G
22,1,id1006954,0,9304832,T,C
23,1,id1007050,0,9422897,T,G
24,1,id1008267,0,11948647,C,A
25,1,id1009283,0,14203809,T,C
26,1,id1009616,0,14592566,C,T
27,1,id1009867,0,14961699,G,A
28,1,id1010403,0,16716706,T,C
29,1,id1010811,0,19595247,C,T
30,1,id1010973,0,19918097,G,C
31,1,TBGI033918,0,20954589,G,T
32,1,TBGI033947,0,20992660,A,G
33,1,id1011568,0,21012003,C,T
34,1,id1011578,0,21042663,T,A
35,1,TBGI034022,0,21050149,A,G
36,1,TBGI034116,0,21262249,T,A
37,1,TBGI034161,0,21311408,C,T
38,1,TBGI034233,0,21339368,A,T
39,1,TBGI034256,0,21341111,A,G
40,1,TBGI034279,0,21343396,T,C
41,1,TBGI034307,0,21346137,A,G
42,1,TBGI034339,0,21349598,A,T
43,1,TBGI034428,0,21398888,0,T
44,1,TBGI034497,0,21466586,G,T
45,1,TBGI034529,0,21480473,0,C
46,1,TBGI034603,0,21522688,G,A
47,1,TBGI034638,0,21556969,T,G
48,1,TBGI034700,0,21603605,A,G
49,1,TBGI034860,0,21967373,G,A
50,1,TBGI034951,0,22027909,C,G
51,1,TBGI035048,0,22049641,A,G
52,1,TBGI035103,0,22119779,C,T
53,1,TBGI035134,0,22124050,T,C
54,1,TBGI035316,0,22226613,A,C
55,1,TBGI035394,0,22241519,A,G
56,1,id1011873,0,22243874,0,C
57,1,TBGI035443,0,22245575,G,C
58,1,TBGI035477,0,22248844,G,C
59,1,TBGI035516,0,22307231,A,G
60,1,TBGI035622,0,22368485,G,A
61,1,TBGI035709,0,22403832,C,T
62,1,TBGI035746,0,22455124,T,A
63,1,TBGI035815,0,22472205,T,C
64,1,TBGI035898,0,22501486,A,T
65,1,id1012048,0,22678415,T,C
66,1,TBGI036190,0,22745071,A,G
67,1,TBGI036236,0,22779212,G,A
68,1,TBGI036307,0,22825024,G,A
69,1,TBGI036377,0,22883301,C,A
70,1,TBGI036461,0,22922553,G,A
71,1,TBGI036496,0,22948966,A,G
72,1,TBGI036522,0,22954148,C,T
73,1,TBGI036627,0,23054409,T,A
74,1,TBGI036661,0,23072166,C,T
75,1,TBGI036687,0,23076066,C,T
76,1,TBGI036744,0,23102750,G,T
77,1,TBGI036770,0,23108292,G,C
78,1,TBGI036892,0,23151056,A,G
79,1,TBGI036993,0,23163261,G,C
80,1,TBGI037113,0,23211786,A,T
81,1,TBGI037200,0,23251710,A,G
82,1,TBGI037297,0,23281291,G,A
83,1,TBGI037370,0,23316829,A,G
84,1,TBGI037391,0,23318770,T,A
85,1,TBGI037456,0,23331997,G,T
86,1,TBGI037635,0,23477899,A,C
87,1,TBGI037684,0,23523718,C,T
88,1,TBGI037737,0,23574066,C,A
89,1,TBGI037946,0,23669816,A,G
90,1,TBGI038001,0,23689014,C,T
91,1,TBGI038127,0,23731486,G,A
92,1,TBGI038422,0,23898804,A,G
93,1,TBGI038475,0,23907959,A,C
94,1,TBGI038495,0,23910877,T,A
95,1,TBGI038607,0,23959932,T,G
96,1,TBGI038653,0,23963475,G,A
97,1,TBGI038730,0,23973521,G,A
98,1,TBGI038779,0,23981336,A,G
99,1,id1012666,0,23995074,A,G
100,1,TBGI038915,0,24003968,C,T
101,1,TBGI038948,0,24041562,T,C
102,1,TBGI038968,0,24045218,A,T
103,1,TBGI038997,0,24056582,A,G
104,1,TBGI039016,0,24060890,C,A
105,1,TBGI039047,0,24072678,T,C
106,1,TBGI039141,0,24115506,T,C
107,1,TBGI039164,0,24118710,T,C
108,1,TBGI039238,0,24162856,A,C
109,1,TBGI039273,0,24174319,A,G
110,1,TBGI039299,0,24176868,T,C
111,1,TBGI039333,0,24179574,G,C
112,1,TBGI039420,0,24186529,T,G
113,1,TBGI039435,0,24188196,A,G
114,1,TBGI039461,0,24211067,0,G
115,1,TBGI039617,0,24259512,A,C
116,1,TBGI039716,0,24275084,T,G
117,1,TBGI039754,0,24281809,C,A
118,1,id1012864,0,24282913,T,G
119,1,TBGI039911,0,24383623,C,G
120,1,TBGI039996,0,24404687,T,C
121,1,TBGI040033,0,24410416,G,T
122,1,TBGI040116,0,24482343,A,T
123,1,TBGI040161,0,24491067,G,A
124,1,TBGI040283,0,24522785,T,C
125,1,TBGI040340,0,24597159,T,C
126,1,TBGI040361,0,24598996,T,C
127,1,TBGI040391,0,24622850,T,G
128,1,TBGI040410,0,24626461,T,G
129,1,TBGI040445,0,24641793,G,A
130,1,TBGI040472,0,24667558,C,T
131,1,TBGI040630,0,24703759,C,A
132,1,TBGI040658,0,24708170,A,G
133,1,TBGI040688,0,24721932,C,T
134,1,TBGI040770,0,24757218,A,G
135,1,TBGI040797,0,24762000,G,A
136,1,TBGI040822,0,24775992,A,G
137,1,TBGI040850,0,24781636,C,A
138,1,id1013296,0,24850835,G,T
139,1,TBGI040944,0,24867842,T,C
140,1,TBGI040974,0,24883793,G,A
141,1,TBGI041095,0,24906215,A,T
142,1,TBGI041133,0,24914654,T,C
143,1,TBGI041207,0,24926155,T,C
144,1,TBGI041236,0,24942255,A,T
145,1,TBGI041263,0,24943951,T,G
146,1,TBGI041294,0,24957499,A,G
147,1,TBGI041330,0,24961942,A,G
148,1,id1013342,0,24994192,G,A
149,1,TBGI041358,0,25017319,G,A
150,1,TBGI041392,0,25021548,C,T
151,1,TBGI041459,0,25084607,A,G
152,1,TBGI041518,0,25108388,G,A
153,1,TBGI041559,0,25139949,T,A
154,1,TBGI041581,0,25143850,T,C
155,1,TBGI041701,0,25220325,G,A
156,1,id1013568,0,25240875,T,A
157,1,TBGI041781,0,25273133,G,A
158,1,TBGI041881,0,25337789,T,C
159,1,TBGI041917,0,25367449,A,G
160,1,TBGI041960,0,25390128,C,A
161,1,TBGI041992,0,25394657,A,T
162,1,TBGI042087,0,25462360,T,C
163,1,TBGI042147,0,25480921,A,G
164,1,id1013920,0,25516083,T,A
165,1,id1013967,0,25546040,A,G
166,1,TBGI042273,0,25559092,C,T
167,1,TBGI042361,0,25607956,T,C
168,1,TBGI042428,0,25639512,T,C
169,1,TBGI042492,0,25667397,A,G
170,1,id1014143,0,25713114,A,G
171,1,TBGI042685,0,25748071,T,C
172,1,TBGI042756,0,25768522,A,G
173,1,TBGI042776,0,25796928,A,G
174,1,TBGI042809,0,25809272,T,C
175,1,TBGI042882,0,25964991,G,A
176,1,TBGI042988,0,26092468,G,A
177,1,TBGI043067,0,26325347,G,A
178,1,TBGI043143,0,26385192,A,G
179,1,TBGI043168,0,26407330,A,G
180,1,TBGI043196,0,26441325,G,A
181,1,TBGI043233,0,26519666,G,A
182,1,id1014867,0,26569619,T,C
183,1,TBGI043347,0,26704926,A,G
184,1,TBGI043438,0,26790039,A,C
185,1,TBGI043479,0,26859591,C,T
186,1,TBGI043522,0,26914683,T,C
187,1,TBGI043665,0,26983559,C,T
188,1,TBGI043687,0,27033613,A,C
189,1,TBGI043717,0,27049723,T,A
190,1,TBGI043745,0,27055252,A,T
191,1,id1015221,0,27105078,C,G
192,1,TBGI043835,0,27123687,G,A
193,1,TBGI043875,0,27127182,A,C
194,1,TBGI043933,0,27204582,T,G
195,1,TBGI043959,0,27206684,A,G
196,1,TBGI044047,0,27253775,C,T
197,1,TBGI044092,0,27300051,T,C
198,1,TBGI044126,0,27343815,G,A
199,1,TBGI044211,0,27414891,G,T
200,1,TBGI044234,0,27430102,A,G
201,1,TBGI044265,0,27456728,T,G
202,1,TBGI044294,0,27505528,A,G
203,1,TBGI044400,0,27571882,A,G
204,1,TBGI044426,0,27596020,A,T
205,1,id1015302,0,27622297,C,A
206,1,TBGI044462,0,27685411,A,T
207,1,TBGI044667,0,27886169,A,G
208,1,TBGI044715,0,27932262,A,G
209,1,TBGI044746,0,27951045,A,G
210,1,TBGI044773,0,27956162,T,C
211,1,TBGI044811,0,28000988,A,G
212,1,TBGI044843,0,28017168,A,T
213,1,TBGI044880,0,28024400,C,T
214,1,TBGI044944,0,28054459,G,A
215,1,TBGI044969,0,28058975,G,A
216,1,TBGI045044,0,28076281,T,C
217,1,TBGI045087,0,28103078,T,C
218,1,TBGI045144,0,28169624,T,C
219,1,TBGI045237,0,28206489,A,G
220,1,id1015467,0,28219552,G,A
221,1,TBGI045350,0,28223724,0,C
222,1,TBGI045373,0,28246215,C,A
223,1,TBGI045397,0,28270696,0,T
224,1,TBGI045418,0,28283141,G,A
225,1,TBGI045500,0,28315049,T,G
226,1,TBGI045554,0,28383940,C,G
227,1,TBGI045573,0,28386157,A,G
228,1,TBGI045696,0,28419495,T,A
229,1,TBGI045728,0,28428938,G,A
230,1,TBGI045769,0,28443100,0,G
231,1,TBGI045798,0,28468226,A,G
232,1,TBGI045823,0,28493331,A,T
233,1,TBGI045855,0,28515275,0,G
234,1,TBGI045883,0,28520187,G,T
235,1,TBGI045926,0,28565772,A,T
236,1,TBGI046012,0,28610990,T,C
237,1,TBGI046043,0,28637376,C,T
238,1,TBGI046115,0,28652014,G,A
239,1,TBGI046137,0,28678134,T,C
240,1,TBGI046273,0,28755366,A,G
241,1,TBGI046345,0,28811764,T,A
242,1,TBGI046465,0,28865637,0,T
243,1,TBGI046488,0,28869171,G,A
244,1,TBGI046517,0,28892557,A,G
245,1,TBGI046658,0,28920384,C,T
246,1,TBGI046694,0,28923839,A,T
247,1,TBGI046808,0,28971365,C,A
248,1,TBGI046906,0,28998831,C,A
249,1,TBGI046941,0,29007903,G,A
250,1,TBGI046960,0,29020635,G,A
251,1,TBGI047008,0,29062744,A,G
252,1,TBGI047097,0,29101182,A,C
253,1,TBGI047134,0,29127894,C,T
254,1,TBGI047239,0,29216463,A,G
255,1,TBGI047286,0,29248332,C,A
256,1,id1015931,0,29313930,A,C
257,1,TBGI047523,0,29445099,C,T
258,1,TBGI047540,0,29450376,A,G
259,1,TBGI047563,0,29481758,G,A
260,1,TBGI047595,0,29513462,C,T
261,1,TBGI047630,0,29517747,A,G
262,1,TBGI047656,0,29546981,C,T
263,1,TBGI047804,0,29601691,G,T
264,1,TBGI047862,0,29632224,G,A
265,1,TBGI047894,0,29640631,C,T
266,1,TBGI047941,0,29652856,0,T
267,1,TBGI047967,0,29705274,C,T
268,1,TBGI048015,0,29768274,A,G
269,1,TBGI048043,0,29771384,A,G
270,1,TBGI048073,0,29775377,G,T
271,1,TBGI048097,0,29809995,T,G
272,1,TBGI048118,0,29815393,G,A
273,1,TBGI048143,0,29839335,G,T
274,1,TBGI048218,0,29866332,C,T
275,1,TBGI048315,0,29891311,A,C
276,1,TBGI048468,0,29972486,T,C
277,1,TBGI048522,0,29981837,C,A
278,1,TBGI048541,0,29985173,A,G
279,1,TBGI048651,0,30091578,A,G
280,1,TBGI048670,0,30094526,T,A
281,1,TBGI048696,0,30098218,A,G
282,1,TBGI048724,0,30103310,A,C
283,1,TBGI048747,0,30107923,C,G
284,1,TBGI048861,0,30135805,T,A
285,1,TBGI048923,0,30158561,G,C
286,1,TBGI049026,0,30253721,A,T
287,1,TBGI049064,0,30281257,G,A
288,1,TBGI049115,0,30297341,A,G
289,1,TBGI049146,0,30300392,T,C
290,1,TBGI049172,0,30321216,T,C
291,1,TBGI049201,0,30324963,C,G
292,1,TBGI049230,0,30345334,A,G
293,1,TBGI049254,0,30349461,T,C
294,1,TBGI049290,0,30359591,G,A
295,1,TBGI049312,0,30365545,C,T
296,1,TBGI049375,0,30402940,A,G
297,1,TBGI049455,0,30423222,G,A
298,1,TBGI049518,0,30470599,A,G
299,1,TBGI049557,0,30497379,A,G
300,1,TBGI049628,0,30508978,A,T
301,1,TBGI049658,0,30519107,C,G
302,1,TBGI049683,0,30544869,T,C
303,1,TBGI049889,0,30602793,T,C
304,1,TBGI050057,0,30699973,A,T
305,1,TBGI050092,0,30730962,T,C
306,1,TBGI050125,0,30736501,C,G
307,1,TBGI050339,0,30872652,A,C
308,1,TBGI050374,0,30921394,T,C
309,1,TBGI050566,0,30997670,C,T
310,1,id1017313,0,31061222,G,A
311,1,TBGI050694,0,31099308,G,A
312,1,TBGI050805,0,31107532,A,G
313,1,TBGI050817,0,31109187,T,A
314,1,TBGI050932,0,31163358,A,T
315,1,TBGI050968,0,31178007,T,A
316,1,TBGI050998,0,31187025,T,C
317,1,TBGI051025,0,31200754,G,A
318,1,TBGI051071,0,31222404,G,A
319,1,TBGI051101,0,31224445,G,C
320,1,TBGI051184,0,31278241,A,C
321,1,TBGI051356,0,31400525,G,A
322,1,TBGI051434,0,31437909,A,T
323,1,TBGI051551,0,31532930,T,C
324,1,TBGI051591,0,31552321,T,G
325,1,id1017791,0,31587559,G,C
326,1,TBGI051623,0,31597725,G,A
327,1,TBGI051683,0,31612994,G,A
328,1,TBGI051771,0,31647363,C,T
329,1,TBGI051894,0,31729917,C,T
330,1,TBGI051917,0,31748316,A,C
331,1,TBGI051947,0,31754256,T,C
332,1,TBGI051970,0,31784982,0,C
333,1,TBGI052052,0,31851695,G,A
334,1,TBGI052094,0,31875779,T,G
335,1,TBGI052154,0,31900502,C,A
336,1,TBGI052189,0,31907642,0,G
337,1,TBGI052217,0,31922702,G,A
338,1,TBGI052844,0,32247515,G,A
339,1,TBGI053845,0,32653691,0,A
340,1,id1019229,0,33468660,G,A
341,1,id1019332,0,33587122,G,T
342,1,TBGI056929,0,34152961,0,T
343,1,id1020631,0,34929805,C,T
344,1,id1020667,0,34945306,T,C
345,1,id1020828,0,35170076,A,T
346,1,TBGI060259,0,35833281,A,G
347,1,id1021363,0,36174758,A,C
348,1,id1021920,0,36762713,A,C
349,1,TBGI062004,0,36807114,T,C
350,1,TBGI062253,0,37028347,T,C
351,1,id1022207,0,37123586,T,C
352,1,TBGI062324,0,37139358,G,A
353,1,id1022408,0,37298115,C,G
354,1,TBGI062530,0,37359850,0,G
355,1,TBGI063138,0,37838321,0,C
356,1,TBGI063186,0,37865045,0,A
357,1,TBGI064824,0,38647726,A,C
358,1,TBGI064854,0,38713017,G,T
359,1,TBGI064891,0,38743961,C,T
360,1,TBGI064988,0,38786599,0,T
361,1,TBGI065037,0,38810442,G,A
362,1,TBGI065204,0,38955071,G,T
363,1,TBGI065218,0,38975868,A,G
364,1,TBGI065299,0,38991241,G,A
365,1,TBGI065404,0,39071915,A,G
366,1,TBGI065475,0,39085020,G,A
367,1,TBGI065874,0,39358978,T,C
368,1,TBGI066164,0,39472025,T,C
369,1,TBGI066269,0,39553020,G,A
370,1,TBGI066367,0,39606044,A,G
371,1,TBGI066731,0,39798685,0,T
372,1,TBGI066755,0,39812826,0,T
373,1,TBGI066895,0,39881314,C,A
374,1,TBGI066976,0,39906335,G,A
375,1,TBGI068386,0,40568905,T,C
376,1,TBGI068412,0,40585518,A,T
377,1,TBGI068447,0,40662092,C,T
378,1,TBGI068520,0,40688688,G,T
379,1,TBGI068581,0,40729308,G,A
380,1,TBGI068598,0,40733109,A,G
381,1,TBGI068625,0,40764348,T,C
382,1,TBGI068651,0,40768864,0,T
383,1,TBGI068676,0,40786535,G,A
384,1,TBGI068700,0,40791362,T,C
385,1,TBGI068738,0,40815256,T,G
386,1,id1024836,0,40892571,C,G
387,1,TBGI068823,0,40893167,C,T
388,1,TBGI068867,0,40895624,A,C
389,1,TBGI068900,0,40897627,A,T
390,1,TBGI068922,0,40910046,T,A
391,1,TBGI068981,0,40939010,A,G
392,1,TBGI069026,0,40950517,C,T
393,1,TBGI069041,0,40954224,G,A
394,1,TBGI069088,0,41003616,G,A
395,1,TBGI069110,0,41009830,C,T
396,1,TBGI069137,0,41024288,C,T
397,1,TBGI069154,0,41026989,G,A
398,1,TBGI069192,0,41042600,A,C
399,1,TBGI069264,0,41112561,A,G
400,1,TBGI069285,0,41118351,T,C
401,1,TBGI069300,0,41121280,T,G
402,1,id1024973,0,41125056,G,A
403,1,TBGI069318,0,41151019,T,C
404,1,TBGI069358,0,41190721,C,T
405,1,TBGI069615,0,41299286,A,C
406,1,TBGI069693,0,41320265,A,C
407,1,id1025153,0,41354303,A,G
408,1,TBGI069801,0,41383328,C,T
409,1,TBGI069906,0,41412147,A,G
410,1,TBGI069982,0,41430782,G,T
411,1,TBGI070075,0,41438322,A,G
412,1,TBGI070142,0,41443175,C,T
413,1,TBGI070371,0,41480247,G,C
414,1,TBGI070440,0,41497813,0,T
415,1,TBGI070545,0,41505313,A,G
416,1,id1025292,0,41555667,A,C
417,1,id1025409,0,41688572,T,A
418,1,id1025888,0,42461949,C,G
419,1,id1026656,0,43144586,A,C
420,1,id1027099,0,43751775,C,G
421,1,id1027554,0,44130981,T,C
422,1,id1027598,0,44152380,G,T
423,1,id1027818,0,44375876,T,C
424,1,id1028092,0,44447118,C,T
425,1,id1028304,0,44672286,T,C
426,1,id1028615,0,45027302,G,T
427,2,id2000096,0,201495,A,T
428,2,id2000235,0,316859,T,C
429,2,id2000405,0,568585,A,G
430,2,id2000618,0,786788,A,G
431,2,id2000835,0,1000481,T,G
432,2,id2001363,0,2135390,A,G
433,2,id2001565,0,2819093,T,C
434,2,id2001831,0,3230773,C,A
435,2,id2002110,0,3954562,C,G
436,2,id2002229,0,4143587,C,A
437,2,id2002501,0,4715411,C,T
438,2,id2002589,0,4850776,A,C
439,2,id2002811,0,5242065,C,T
440,2,id2002914,0,5416397,T,G
441,2,id2003393,0,6635214,C,T
442,2,id2003551,0,6899454,A,G
443,2,id2003751,0,7328306,G,A
444,2,id2004711,0,9909573,C,T
445,2,id2004970,0,10583541,C,G
446,2,id2005707,0,12757791,A,G
447,2,id2006621,0,17283898,T,C
448,2,TBGI096706,0,17495735,C,T
449,2,TBGI096731,0,17497318,C,T
450,2,TBGI096750,0,17499556,G,A
451,2,TBGI096767,0,17501021,T,C
452,2,TBGI096811,0,17504848,A,G
453,2,TBGI096830,0,17507106,G,A
454,2,id2006795,0,17821657,G,A
455,2,id2007461,0,19558579,T,A
456,2,id2007526,0,20086878,A,G
457,2,id2007597,0,20300047,G,A
458,2,id2007797,0,20839630,A,G
459,2,id2008158,0,21675708,T,C
460,2,id2008480,0,22007488,C,G
461,2,id2008820,0,23034401,T,C
462,2,id2010102,0,25026134,G,A
463,2,id2010357,0,25352506,C,T
464,2,id2010564,0,25550884,G,A
465,2,id2010624,0,25591625,G,C
466,2,id2011065,0,26297128,T,C
467,2,id2012123,0,28654776,G,A
468,2,id2012408,0,29430823,A,G
469,2,id2012453,0,29536135,C,T
470,2,id2012558,0,29675365,A,G
471,2,id2013007,0,30414334,C,T
472,2,TBGI116455,0,31522344,C,A
473,2,TBGI116508,0,31598870,C,T
474,2,TBGI116571,0,31647517,C,G
475,2,TBGI116665,0,31704899,C,G
476,2,TBGI116726,0,31716424,G,C
477,2,TBGI116813,0,31772208,C,T
478,2,TBGI116893,0,31901326,A,G
479,2,TBGI116973,0,31923437,T,C
480,2,TBGI117043,0,31991967,C,G
481,2,TBGI117267,0,32186338,T,G
482,2,TBGI117360,0,32271728,G,A
483,2,TBGI117415,0,32312958,G,A
484,2,id2013975,0,32363175,A,G
485,2,TBGI117483,0,32423914,C,T
486,2,TBGI117701,0,32581793,C,A
487,2,TBGI117774,0,32663905,G,A
488,2,TBGI117863,0,32727122,T,C
489,2,TBGI117941,0,32859434,C,T
490,2,TBGI118112,0,33073393,A,G
491,2,TBGI118194,0,33146140,T,A
492,2,TBGI118273,0,33183466,G,A
493,2,TBGI118359,0,33251137,C,G
494,2,TBGI118464,0,33362836,C,A
495,2,TBGI118515,0,33389205,G,A
496,2,TBGI118590,0,33475497,T,A
497,2,TBGI118861,0,33682818,T,C
498,2,TBGI118917,0,33694389,C,T
499,2,TBGI118996,0,33723622,0,C
500,2,TBGI119054,0,33747275,G,A
501,2,TBGI119122,0,33793432,0,C
502,2,TBGI119190,0,33830825,T,A
503,2,TBGI119254,0,33843912,G,A
504,2,TBGI119698,0,34230072,G,T
505,2,TBGI119750,0,34255395,C,T
506,2,TBGI120045,0,34415952,C,T
507,2,TBGI120162,0,34474324,T,G
508,2,TBGI120421,0,34610001,C,G
509,2,TBGI120561,0,34637605,C,G
510,2,id2015233,0,35059156,T,C
511,2,id2015428,0,35263561,T,C
512,2,id2015767,0,35754957,A,G
513,2,id2015934,0,35924797,G,A
514,2,id2016084,0,36103642,A,C
515,2,id2016156,0,36151600,T,C
516,2,id2016188,0,36191386,G,A
517,2,id2016413,0,36521430,T,G
518,2,id2016481,0,36636593,G,A
519,2,id2016584,0,36820856,T,C
520,3,id3000033,0,288984,C,T
521,3,id3000492,0,836619,A,G
522,3,id3000611,0,988863,T,C
523,3,X9,0,1249290,A,G
524,3,id3000853,0,1539641,G,C
525,3,TBGI126685,0,1840628,G,C
526,3,TBGI126753,0,1899839,0,G
527,3,TBGI126875,0,1994615,G,A
528,3,id3001137,0,2045916,C,A
529,3,TBGI127437,0,2312488,G,A
530,3,TBGI127516,0,2358399,C,T
531,3,TBGI127642,0,2399107,G,A
532,3,TBGI127863,0,2527357,A,C
533,3,TBGI127925,0,2576865,A,G
534,3,TBGI128048,0,2699310,G,A
535,3,TBGI128265,0,2897272,T,C
536,3,TBGI128510,0,3060728,T,C
537,3,TBGI128629,0,3112576,A,G
538,3,TBGI128827,0,3243059,C,A
539,3,TBGI128877,0,3247991,T,G
540,3,TBGI128964,0,3318303,T,G
541,3,id3001815,0,3364430,C,T
542,3,TBGI129031,0,3365142,T,A
543,3,TBGI129095,0,3414002,C,T
544,3,TBGI129171,0,3456275,T,C
545,3,TBGI129224,0,3472472,G,C
546,3,TBGI129273,0,3489584,G,A
547,3,TBGI129319,0,3514210,G,T
548,3,TBGI129440,0,3624857,A,G
549,3,TBGI129507,0,3651430,C,G
550,3,TBGI129566,0,3665376,G,A
551,3,TBGI129639,0,3712976,A,G
552,3,TBGI129684,0,3756886,C,A
553,3,TBGI129764,0,3777982,G,A
554,3,TBGI129844,0,3832071,C,G
555,3,TBGI129980,0,3952231,C,T
556,3,TBGI130059,0,3979811,T,C
557,3,TBGI130119,0,4012278,A,G
558,3,TBGI130255,0,4112836,A,G
559,3,TBGI130399,0,4183342,A,T
560,3,TBGI130477,0,4249288,C,T
561,3,TBGI130574,0,4269797,T,C
562,3,TBGI130702,0,4321915,A,C
563,3,TBGI130742,0,4344937,C,A
564,3,TBGI130786,0,4383463,A,G
565,3,TBGI130922,0,4441747,G,A
566,3,TBGI131016,0,4467642,G,T
567,3,TBGI131058,0,4487854,A,G
568,3,TBGI131278,0,4585176,C,T
569,3,TBGI131380,0,4661033,T,C
570,3,TBGI131423,0,4695210,C,T
571,3,id3002805,0,4737422,G,A
572,3,TBGI131619,0,4800618,T,G
573,3,TBGI131679,0,4841513,T,A
574,3,TBGI131862,0,4925713,A,G
575,3,TBGI131919,0,4977393,T,A
576,3,TBGI131969,0,4998968,C,T
577,3,TBGI132039,0,5090584,G,A
578,3,TBGI132195,0,5159948,T,C
579,3,TBGI132410,0,5301071,T,C
580,3,TBGI132525,0,5386282,C,T
581,3,TBGI132605,0,5490154,C,G
582,3,TBGI132654,0,5544768,G,A
583,3,TBGI132691,0,5574461,G,A
584,3,TBGI132736,0,5628177,0,G
585,3,id3003294,0,5641185,C,T
586,3,TBGI132813,0,5690893,C,T
587,3,TBGI132884,0,5741230,T,A
588,3,TBGI132942,0,5760259,0,T
589,3,TBGI133070,0,5805510,0,C
590,3,TBGI133263,0,5884040,A,C
591,3,TBGI133327,0,5903233,C,T
592,3,TBGI133411,0,5961225,G,T
593,3,id3003557,0,6040805,A,G
594,3,TBGI133586,0,6146384,A,T
595,3,TBGI133654,0,6221117,T,C
596,3,TBGI133866,0,6454960,A,G
597,3,id3003697,0,6469743,T,C
598,3,TBGI133915,0,6540209,G,A
599,3,TBGI133961,0,6559614,G,A
600,3,TBGI134013,0,6634922,C,T
601,3,TBGI134074,0,6690035,C,T
602,3,TBGI134138,0,6803222,T,G
603,3,id3003839,0,6945188,G,A
604,3,TBGI134282,0,6969086,A,G
605,3,TBGI134527,0,7096352,A,G
606,3,TBGI134593,0,7145866,G,A
607,3,TBGI134684,0,7260685,G,A
608,3,TBGI134858,0,7426655,G,A
609,3,TBGI134907,0,7452756,T,G
610,3,TBGI134947,0,7463607,T,C
611,3,TBGI134960,0,7474774,G,A
612,3,TBGI135014,0,7501632,G,A
613,3,TBGI135116,0,7605977,A,G
614,3,TBGI135127,0,7607815,G,T
615,3,TBGI135166,0,7626990,T,A
616,3,TBGI135208,0,7652976,G,T
617,3,TBGI135226,0,7660447,T,C
618,3,TBGI135303,0,7737496,A,G
619,3,TBGI135328,0,7772860,C,T
620,3,TBGI135339,0,7799906,T,C
621,3,TBGI135516,0,7862463,C,G
622,3,id3004188,0,7877555,T,A
623,3,TBGI135691,0,8028908,C,T
624,3,TBGI135695,0,8029855,G,A
625,3,TBGI135726,0,8047816,G,A
626,3,TBGI135779,0,8091489,A,G
627,3,TBGI135819,0,8172053,G,A
628,3,TBGI135863,0,8192458,G,A
629,3,TBGI135876,0,8197633,A,G
630,3,TBGI135896,0,8203659,T,G
631,3,TBGI135909,0,8229135,G,A
632,3,id3004359,0,8269243,A,G
633,3,TBGI135946,0,8277891,C,A
634,3,TBGI136039,0,8317205,G,A
635,3,TBGI136068,0,8323124,A,G
636,3,TBGI136139,0,8366076,G,T
637,3,TBGI136223,0,8467270,T,C
638,3,TBGI136289,0,8523481,T,C
639,3,TBGI136463,0,8637260,T,A
640,3,TBGI136530,0,8677618,G,A
641,3,id3004541,0,8708870,T,A
642,3,TBGI136643,0,8736633,T,C
643,3,TBGI136668,0,8745750,G,A
644,3,id3004571,0,8749228,G,A
645,3,TBGI136813,0,8825163,T,C
646,3,TBGI136887,0,8879184,T,C
647,3,TBGI136944,0,8946388,T,A
648,3,TBGI137174,0,9180634,C,G
649,3,TBGI137273,0,9289630,A,G
650,3,TBGI137370,0,9421913,A,G
651,3,TBGI137504,0,9530386,C,T
652,3,id3004888,0,9534243,T,C
653,3,TBGI137580,0,9572877,T,C
654,3,TBGI137611,0,9581361,A,T
655,3,TBGI137716,0,9658408,C,T
656,3,TBGI137760,0,9662397,A,C
657,3,TBGI137868,0,9712038,C,T
658,3,TBGI137903,0,9738193,T,C
659,3,TBGI138003,0,9775752,G,A
660,3,TBGI138106,0,9861984,A,G
661,3,TBGI138222,0,9955910,G,C
662,3,TBGI138276,0,9977875,T,A
663,3,TBGI138313,0,10006181,T,C
664,3,TBGI138333,0,10037593,G,A
665,3,TBGI138388,0,10075298,A,C
666,3,TBGI138456,0,10130523,T,A
667,3,id3005216,0,10144407,G,A
668,3,TBGI138531,0,10195595,A,G
669,3,TBGI138558,0,10237287,A,C
670,3,TBGI138574,0,10240932,T,C
671,3,TBGI138614,0,10264258,C,G
672,3,TBGI138643,0,10272151,T,G
673,3,TBGI138650,0,10274815,C,G
674,3,TBGI138659,0,10277833,G,A
675,3,TBGI138683,0,10283716,C,T
676,3,TBGI138688,0,10306682,C,G
677,3,TBGI138718,0,10313447,G,A
678,3,TBGI138750,0,10329673,G,T
679,3,TBGI138757,0,10330538,G,A
680,3,TBGI138791,0,10343723,C,A
681,3,TBGI138807,0,10349295,A,C
682,3,TBGI138898,0,10390201,A,G
683,3,id3005349,0,10398307,C,T
684,3,TBGI138924,0,10420816,G,T
685,3,TBGI138959,0,10449525,C,G
686,3,TBGI138963,0,10450042,T,G
687,3,TBGI138980,0,10452461,G,A
688,3,TBGI138989,0,10472896,C,G
689,3,TBGI139079,0,10507811,A,G
690,3,TBGI139082,0,10508804,T,C
691,3,TBGI139138,0,10537136,C,T
692,3,TBGI139174,0,10546292,C,T
693,3,TBGI139205,0,10567705,A,G
694,3,TBGI139207,0,10567867,G,A
695,3,id3006042,0,11774146,G,A
696,3,id3006493,0,12674348,C,T
697,3,id3006808,0,13276088,C,T
698,3,id3007320,0,15154454,C,T
699,3,id3007604,0,15627686,C,T
700,3,id3007703,0,15849330,T,C
701,3,id3007781,0,16056673,A,T
702,3,id3007932,0,16423662,G,A
703,3,id3008127,0,16819501,A,G
704,3,id3008333,0,17302647,G,A
705,3,id3009534,0,21170782,T,C
706,3,id3010094,0,22361508,C,A
707,3,id3010318,0,23000181,A,G
708,3,id3010786,0,24759734,C,G
709,3,id3011017,0,26140462,C,G
710,3,id3011044,0,26275856,A,G
711,3,id3011233,0,27467368,G,A
712,3,id3012786,0,28780590,T,A
713,3,id3013480,0,29537128,C,T
714,3,id3014586,0,31454782,C,T
715,3,id3015619,0,33290594,A,G
716,3,id3015719,0,33525612,T,G
717,3,id3017084,0,35577308,A,G
718,3,id3017136,0,35660519,A,G
719,3,id3017469,0,36239119,T,C
720,3,id3017784,0,36513122,T,C
721,3,id3018242,0,36889493,G,T
722,3,id3018439,0,37134193,T,C
723,3,id3018559,0,37233286,C,T
724,4,id4000170,0,348610,A,C
725,4,id4000429,0,676936,T,A
726,4,id4001113,0,2471749,A,G
727,4,id4001733,0,4267775,T,C
728,4,id4001882,0,4449726,A,C
729,4,TBGI186561,0,4727543,T,C
730,4,TBGI187422,0,5460968,A,C
731,4,TBGI187728,0,5574104,G,A
732,4,id4002459,0,5930532,T,C
733,4,TBGI188102,0,5972108,G,T
734,4,id4002697,0,6959916,T,G
735,4,id4002780,0,7170260,T,C
736,4,TBGI189578,0,7301022,G,A
737,4,TBGI189988,0,8069878,C,T
738,4,TBGI190494,0,8662793,T,G
739,4,TBGI192444,0,10920335,A,G
740,4,id4003727,0,11988384,C,T
741,4,TBGI193685,0,12258407,C,T
742,4,TBGI194169,0,13200741,C,T
743,4,TBGI195121,0,14156869,T,C
744,4,TBGI195419,0,14468912,T,C
745,4,id4004294,0,14864656,G,A
746,4,TBGI196910,0,16372878,C,A
747,4,TBGI196946,0,16380470,G,A
748,4,TBGI197086,0,16402507,C,A
749,4,id4004507,0,16403681,C,T
750,4,TBGI197190,0,16477072,0,C
751,4,id4004644,0,16578926,C,A
752,4,id4004654,0,16580359,C,T
753,4,id4004740,0,16610873,A,C
754,4,id4005120,0,17690560,T,A
755,4,id4005342,0,18499413,T,G
756,4,id4005623,0,19400852,T,G
757,4,id4005767,0,19760123,C,T
758,4,id4005867,0,19953282,C,T
759,4,id4006683,0,20893935,A,G
760,4,id4006861,0,21359733,C,T
761,4,id4006923,0,21489237,T,G
762,4,id4007024,0,21641805,G,A
763,4,id4007105,0,21838206,G,A
764,4,id4007444,0,22833825,A,G
765,4,id4008092,0,24789033,T,A
766,4,id4009149,0,28251853,T,C
767,4,id4009920,0,30174569,G,A
768,4,id4010220,0,30729492,G,A
769,4,id4010238,0,30792292,A,G
770,4,id4010382,0,31086310,A,G
771,4,id4010396,0,31105608,C,T
772,4,id4010433,0,31319503,A,G
773,4,id4010621,0,31772009,C,G
774,4,id4010708,0,31871929,C,T
775,4,id4010825,0,32160239,T,G
776,4,id4010876,0,32229115,C,A
777,4,id4010924,0,32303312,G,A
778,4,id4011137,0,32675387,G,A
779,4,id4011259,0,32877777,C,T
780,4,id4011398,0,33221634,A,G
781,4,id4011509,0,33456491,T,C
782,4,id4011696,0,34111504,G,C
783,4,id4012434,0,35742807,T,C
784,5,id5000013,0,22254,C,T
785,5,id5000328,0,569803,T,C
786,5,id5000588,0,917435,A,G
787,5,id5000858,0,1221698,A,G
788,5,id5001068,0,1809314,C,T
789,5,id5001281,0,2153085,C,T
790,5,id5001470,0,2548127,C,T
791,5,id5001534,0,2714998,C,T
792,5,id5001700,0,2971539,A,G
793,5,id5002468,0,4688418,G,C
794,5,id5002528,0,4800198,T,G
795,5,id5002650,0,5061452,C,A
796,5,id5002699,0,5276396,C,T
797,5,id5003034,0,5926907,C,T
798,5,id5003417,0,6732531,T,C
799,5,id5003638,0,7153614,T,C
800,5,id5003785,0,7422512,C,T
801,5,id5004295,0,8395840,A,G
802,5,id5006236,0,15533829,A,G
803,5,id5006332,0,15849318,A,G
804,5,id5006470,0,16240399,C,A
805,5,id5006916,0,17256149,C,T
806,5,id5007714,0,19066134,T,C
807,5,id5007879,0,19374511,T,C
808,5,id5008122,0,19805774,G,A
809,5,id5008590,0,20557913,C,T
810,5,id5008723,0,20831300,T,C
811,5,id5009045,0,21502439,C,T
812,5,id5009232,0,21765044,A,G
813,5,id5010439,0,23461742,T,C
814,5,TBGI256776,0,24302933,A,G
815,5,TBGI256858,0,24394228,A,G
816,5,TBGI257501,0,24708662,G,A
817,5,TBGI257574,0,24750625,T,C
818,5,TBGI258152,0,25101446,C,G
819,5,id5011704,0,25164560,T,G
820,5,TBGI258256,0,25178312,A,G
821,5,TBGI258363,0,25192398,C,T
822,5,TBGI258545,0,25229351,T,A
823,5,TBGI258630,0,25254364,G,T
824,5,TBGI258715,0,25266919,A,T
825,5,TBGI258768,0,25273826,T,A
826,5,id5012489,0,26351028,A,G
827,5,id5013100,0,27148128,G,A
828,5,TBGI262612,0,27331816,G,C
829,5,TBGI262885,0,27408270,T,C
830,5,TBGI262990,0,27456364,C,T
831,5,TBGI263012,0,27461431,G,T
832,5,TBGI263069,0,27481687,G,C
833,5,id5013307,0,27494345,A,T
834,5,TBGI263142,0,27514211,C,T
835,5,TBGI263247,0,27558546,G,T
836,5,TBGI263273,0,27564280,G,T
837,5,TBGI263313,0,27600482,C,T
838,5,TBGI263334,0,27605653,C,T
839,5,TBGI263437,0,27654029,A,G
840,5,TBGI263461,0,27659236,T,A
841,5,TBGI263483,0,27676092,A,T
842,5,TBGI263615,0,27781007,T,G
843,5,TBGI263672,0,27790196,G,C
844,5,TBGI263801,0,27820541,G,C
845,5,TBGI263840,0,27834890,C,A
846,5,TBGI263906,0,27868510,C,T
847,5,TBGI263941,0,27889027,T,G
848,5,TBGI263986,0,27897808,G,T
849,5,TBGI264012,0,27919530,C,T
850,5,TBGI264054,0,27947797,G,A
851,5,TBGI264076,0,27953016,A,G
852,5,TBGI264097,0,27982470,C,G
853,5,TBGI264115,0,27987664,G,T
854,5,TBGI264144,0,28001331,G,A
855,5,TBGI264165,0,28006582,C,T
856,5,TBGI264201,0,28016362,C,T
857,5,TBGI264222,0,28019236,G,C
858,5,TBGI264247,0,28042438,G,A
859,5,TBGI264269,0,28045286,G,A
860,5,TBGI264293,0,28052566,G,T
861,5,id5013743,0,28064120,A,G
862,5,TBGI264324,0,28064245,C,T
863,5,id5013749,0,28066803,T,C
864,5,TBGI264343,0,28067909,C,T
865,5,TBGI264363,0,28070229,G,A
866,5,TBGI264404,0,28119310,T,C
867,5,TBGI264429,0,28122852,T,C
868,5,TBGI264444,0,28124642,T,C
869,5,TBGI264484,0,28141974,T,A
870,5,TBGI264603,0,28162492,A,G
871,5,TBGI264823,0,28247259,0,C
872,5,TBGI264902,0,28274786,T,G
873,5,TBGI264950,0,28286403,A,C
874,5,TBGI265007,0,28307396,A,G
875,5,TBGI265065,0,28368659,A,C
876,5,TBGI265177,0,28401384,T,G
877,5,TBGI265306,0,28514266,C,G
878,5,TBGI265349,0,28521788,A,T
879,5,TBGI265494,0,28587085,C,T
880,5,id5014265,0,28665946,C,T
881,5,id5014338,0,28724102,A,G
882,5,id5014427,0,28850700,A,G
883,5,id5014482,0,28910984,T,A
884,5,id5014934,0,29579363,G,C
885,5,id5014986,0,29633213,T,A
886,6,id6000134,0,296743,G,A
887,6,id6000202,0,370160,C,T
888,6,TBGI268447,0,727212,G,T
889,6,TBGI268529,0,783502,A,C
890,6,TBGI268532,0,791271,T,C
891,6,TBGI268535,0,791409,A,G
892,6,TBGI268536,0,791685,T,C
893,6,TBGI268550,0,792238,T,A
894,6,TBGI268559,0,792896,G,A
895,6,TBGI268568,0,793731,A,G
896,6,TBGI268573,0,794991,A,C
897,6,TBGI268574,0,795058,T,C
898,6,TBGI268576,0,795396,0,G
899,6,TBGI268577,0,795568,T,G
900,6,TBGI268585,0,796200,G,A
901,6,TBGI268589,0,796459,G,A
902,6,TBGI268593,0,796810,A,G
903,6,TBGI268597,0,797482,T,A
904,6,TBGI268598,0,797561,A,G
905,6,TBGI268599,0,797741,A,T
906,6,TBGI268600,0,797884,C,T
907,6,TBGI268602,0,798050,T,A
908,6,TBGI268605,0,798453,T,G
909,6,TBGI268607,0,798518,A,G
910,6,TBGI268610,0,799088,A,G
911,6,TBGI268611,0,808245,A,T
912,6,TBGI268612,0,808386,T,C
913,6,TBGI268626,0,811085,T,G
914,6,TBGI268628,0,811363,G,A
915,6,TBGI268633,0,812185,A,G
916,6,TBGI268636,0,813072,A,G
917,6,TBGI268637,0,813231,C,T
918,6,TBGI268638,0,813620,A,T
919,6,TBGI268640,0,813809,G,A
920,6,TBGI268643,0,814164,A,G
921,6,TBGI268644,0,814785,C,G
922,6,TBGI268646,0,815075,G,A
923,6,TBGI268648,0,815178,A,T
924,6,TBGI268650,0,815751,T,C
925,6,TBGI268668,0,816993,T,G
926,6,TBGI268769,0,841517,A,G
927,6,TBGI268893,0,866360,G,A
928,6,id6000743,0,874024,G,A
929,6,TBGI269006,0,886539,T,C
930,6,TBGI269106,0,929990,C,T
931,6,TBGI269199,0,1043797,T,C
932,6,TBGI269236,0,1048095,G,A
933,6,TBGI269247,0,1088486,T,C
934,6,TBGI269248,0,1089072,G,A
935,6,TBGI269280,0,1149261,G,A
936,6,id6000859,0,1174748,T,C
937,6,id6000911,0,1377892,G,A
938,6,TBGI269497,0,1378251,A,G
939,6,id6001011,0,1447030,A,C
940,6,TBGI269842,0,1479662,T,G
941,6,TBGI269959,0,1530200,T,G
942,6,TBGI270080,0,1600202,C,T
943,6,id6001206,0,1611776,T,A
944,6,TBGI270184,0,1658335,G,C
945,6,X8,0,1767007,A,C
946,6,TBGI270321,0,1768529,T,C
947,6,id6001376,0,1792091,T,C
948,6,TBGI270449,0,1822214,A,G
949,6,TBGI270678,0,1936392,C,T
950,6,TBGI270756,0,1972993,A,G
951,6,id6001535,0,2009738,C,A
952,6,TBGI270836,0,2094078,T,A
953,6,TBGI271136,0,2246478,A,G
954,6,TBGI271238,0,2294991,A,G
955,6,TBGI271334,0,2371590,C,T
956,6,TBGI271736,0,2657447,T,C
957,6,id6002291,0,2974242,C,A
958,6,TBGI272457,0,2991002,A,C
959,6,TBGI272458,0,2991142,C,G
960,6,TBGI272460,0,2991400,G,A
961,6,TBGI272466,0,2992199,G,C
962,6,TBGI272468,0,2992409,G,A
963,6,TBGI272470,0,2992745,C,T
964,6,TBGI272477,0,2995156,T,C
965,6,TBGI272478,0,2995299,G,A
966,6,TBGI272479,0,2995404,T,G
967,6,TBGI272482,0,3000545,C,G
968,6,TBGI272483,0,3001176,A,G
969,6,TBGI272486,0,3001650,A,T
970,6,TBGI272488,0,3001902,T,A
971,6,TBGI272490,0,3002165,T,A
972,6,TBGI272491,0,3002274,0,T
973,6,TBGI272492,0,3002446,G,T
974,6,TBGI272493,0,3002912,A,C
975,6,TBGI272494,0,3003146,A,G
976,6,TBGI272498,0,3004941,A,T
977,6,TBGI272505,0,3007031,0,G
978,6,TBGI272509,0,3007622,C,T
979,6,TBGI272511,0,3008873,G,A
980,6,TBGI272512,0,3009022,A,T
981,6,TBGI272517,0,3009291,G,A
982,6,TBGI272531,0,3010398,C,T
983,6,TBGI272541,0,3037417,G,T
984,6,TBGI272551,0,3038013,C,T
985,6,TBGI272554,0,3038246,G,T
986,6,TBGI272561,0,3039411,A,G
987,6,TBGI272563,0,3039506,C,T
988,6,TBGI272574,0,3040290,C,G
989,6,TBGI272576,0,3040421,A,C
990,6,TBGI272581,0,3040842,T,C
991,6,TBGI272585,0,3041131,G,A
992,6,TBGI272601,0,3042074,G,A
993,6,TBGI272615,0,3042916,T,C
994,6,TBGI272620,0,3043469,C,T
995,6,TBGI272626,0,3056727,C,A
996,6,TBGI272662,0,3058262,C,T
997,6,TBGI272667,0,3058789,A,G
998,6,TBGI272671,0,3059044,G,C
999,6,id6002687,0,3288598,T,C
1000,6,id6002884,0,3597844,G,A
1001,6,id6003299,0,4612802,C,T
1002,6,id6003341,0,4672298,T,G
1003,6,id6003373,0,4756949,G,A
1004,6,id6003403,0,4869776,G,A
1005,6,id6003498,0,5186013,T,C
1006,6,id6003580,0,5563127,A,G
1007,6,id6003829,0,5994007,A,C
1008,6,id6004029,0,6300049,C,T
1009,6,id6004193,0,6520919,T,C
1010,6,id6004428,0,6929229,A,G
1011,6,id6004946,0,7808667,C,T
1012,6,id6006147,0,9683815,T,A
1013,6,id6006336,0,10183311,G,C
1014,6,id6006471,0,10449106,T,A
1015,6,id6006627,0,10771628,T,C
1016,6,id6006754,0,10987243,T,C
1017,6,id6007386,0,11960148,G,A
1018,6,id6007891,0,13170365,C,T
1019,6,id6008344,0,14016525,T,C
1020,6,id6009055,0,16415144,T,C
1021,6,id6009457,0,17495629,C,T
1022,6,id6010102,0,18966445,T,C
1023,6,id6010447,0,20542738,C,T
1024,6,id6010489,0,20663959,G,A
1025,6,id6011413,0,22694998,T,C
1026,6,id6011613,0,23207370,T,C
1027,6,id6011849,0,23927486,C,T
1028,6,id6012236,0,24496100,A,T
1029,6,id6012425,0,24793035,A,G
1030,6,id6012487,0,24810535,A,T
1031,6,id6012658,0,25090478,T,A
1032,6,id6013064,0,25395870,T,C
1033,6,id6013154,0,25502285,A,T
1034,6,id6013434,0,25906498,C,T
1035,6,id6013720,0,26595449,T,G
1036,6,id6014191,0,27067193,T,C
1037,6,id6014475,0,27191592,G,C
1038,6,id6015421,0,28152518,G,A
1039,6,TBGI310576,0,28683445,A,G
1040,6,TBGI310677,0,28697902,A,G
1041,6,id6016093,0,28837651,A,C
1042,6,TBGI310793,0,28871517,A,G
1043,6,TBGI311209,0,29135769,C,T
1044,6,TBGI311301,0,29215361,A,G
1045,6,TBGI311422,0,29381647,A,G
1046,6,TBGI311544,0,29508868,C,T
1047,6,TBGI311710,0,29620355,C,T
1048,6,TBGI311810,0,29702600,A,C
1049,6,TBGI311884,0,29755626,C,T
1050,6,TBGI311996,0,29819591,T,C
1051,6,TBGI312217,0,29990691,G,C
1052,6,id6016484,0,30040771,A,G
1053,6,id6016490,0,30085266,A,C
1054,6,TBGI312340,0,30087108,A,G
1055,6,TBGI312430,0,30134803,A,G
1056,6,id6016589,0,30418200,C,G
1057,6,id6016755,0,30848506,G,T
1058,6,id6016918,0,31299797,C,A
1059,6,id6016941,0,31686494,G,A
1060,7,id7000063,0,336771,C,G
1061,7,id7000142,0,743502,C,A
1062,7,id7000189,0,1095553,G,A
1063,7,id7000253,0,1608602,G,A
1064,7,id7000337,0,1899740,A,G
1065,7,id7000384,0,2161033,T,C
1066,7,id7000496,0,3506276,A,G
1067,7,id7000587,0,4315934,A,T
1068,7,id7000978,0,5919670,G,T
1069,7,id7001596,0,8839095,C,A
1070,7,id7001694,0,9230139,T,G
1071,7,id7001985,0,11468087,A,T
1072,7,id7002219,0,14174895,A,G
1073,7,id7002427,0,15870899,T,G
1074,7,id7002758,0,18162661,T,G
1075,7,id7002801,0,18792146,C,T
1076,7,id7002848,0,19002328,A,G
1077,7,id7002907,0,19283961,C,T
1078,7,id7003047,0,20187107,C,T
1079,7,id7003059,0,20278260,G,C
1080,7,id7003702,0,22830001,T,C
1081,7,id7003748,0,22937302,G,A
1082,7,TBGI330678,0,23422296,C,T
1083,7,id7003994,0,23593465,C,G
1084,7,TBGI331039,0,23679582,T,C
1085,7,TBGI331356,0,24132206,A,C
1086,7,id7004205,0,24171389,A,G
1087,7,TBGI331616,0,24391765,T,C
1088,7,TBGI331954,0,24623803,0,C
1089,7,TBGI332001,0,24664397,C,T
1090,7,TBGI332082,0,24757559,A,G
1091,7,id7004343,0,24777319,G,C
1092,7,TBGI332235,0,24950249,C,T
1093,7,id7004429,0,24973974,A,C
1094,7,TBGI332396,0,25216046,C,T
1095,7,TBGI332546,0,25318034,A,G
1096,7,TBGI332680,0,25407376,C,T
1097,7,TBGI332694,0,25409996,G,A
1098,7,id7004589,0,25453223,T,G
1099,7,TBGI332802,0,25604646,A,C
1100,7,TBGI332933,0,25683267,G,A
1101,7,id7004719,0,25979966,A,C
1102,7,TBGI333276,0,26000143,A,G
1103,7,id7004871,0,26393366,C,T
1104,7,TBGI333914,0,26474312,C,A
1105,7,TBGI334039,0,26609629,C,G
1106,7,TBGI334735,0,27080830,A,G
1107,7,id7005252,0,27467840,G,A
1108,7,TBGI335079,0,27546143,C,T
1109,7,id7005331,0,27637808,C,A
1110,7,TBGI335391,0,27723792,G,A
1111,7,TBGI335561,0,27810612,C,G
1112,7,id7005441,0,28221241,A,G
1113,7,id7005477,0,28290385,A,T
1114,7,TBGI336045,0,28403198,G,A
1115,7,TBGI336205,0,28558484,T,G
1116,7,id7005611,0,28610170,G,T
1117,7,TBGI336515,0,28882805,T,C
1118,7,TBGI336540,0,28889786,T,C
1119,7,TBGI336541,0,28890105,C,T
1120,7,TBGI336543,0,28890268,C,A
1121,7,TBGI336545,0,28890394,T,A
1122,7,TBGI336549,0,28891443,A,T
1123,7,TBGI336564,0,28897374,G,C
1124,7,TBGI336565,0,28898004,T,C
1125,7,TBGI336573,0,28900397,G,T
1126,7,TBGI336582,0,28902217,C,T
1127,7,TBGI336584,0,28902549,T,C
1128,7,TBGI336586,0,28903171,T,A
1129,7,TBGI336589,0,28903631,C,T
1130,7,TBGI336599,0,28905733,C,T
1131,7,TBGI336607,0,28908133,A,G
1132,7,TBGI336608,0,28908291,A,G
1133,7,TBGI336611,0,28909685,A,G
1134,7,TBGI336614,0,28910736,A,G
1135,7,TBGI336622,0,28922264,A,G
1136,7,TBGI336624,0,28922556,T,C
1137,7,TBGI336626,0,28923082,T,C
1138,7,TBGI336642,0,28927021,G,A
1139,7,TBGI336688,0,29006254,C,T
1140,7,TBGI336691,0,29006468,A,C
1141,7,TBGI336701,0,29010084,A,G
1142,7,TBGI336702,0,29010148,G,A
1143,7,TBGI336705,0,29020683,G,T
1144,7,TBGI336721,0,29025020,G,A
1145,7,TBGI336728,0,29048157,T,C
1146,7,TBGI336735,0,29048897,A,C
1147,7,id7006027,0,29931834,A,T
1148,7,id7006093,0,30095102,G,A
1149,7,id7006185,0,30297837,C,T
1150,8,id8000131,0,388278,C,A
1151,8,id8000244,0,658673,T,C
1152,8,id8000315,0,856058,G,A
1153,8,id8000575,0,2024902,T,C
1154,8,id8000666,0,2155009,C,A
1155,8,id8000876,0,2943058,T,C
1156,8,id8000984,0,3108387,A,G
1157,8,id8001179,0,3612331,C,A
1158,8,id8001477,0,4556655,G,T
1159,8,id8001543,0,4698209,A,G
1160,8,id8001641,0,5315938,A,G
1161,8,id8001667,0,5327225,C,G
1162,8,id8001908,0,5633803,C,T
1163,8,id8002314,0,7548604,G,T
1164,8,id8002554,0,8235552,G,A
1165,8,id8002632,0,8512758,T,C
1166,8,id8002841,0,9069840,C,G
1167,8,id8002954,0,9199684,T,C
1168,8,id8003103,0,9665146,A,G
1169,8,id8003220,0,10164021,T,G
1170,8,id8003626,0,11976516,G,A
1171,8,id8003808,0,13999627,T,G
1172,8,id8004111,0,15443291,C,T
1173,8,id8004692,0,17765387,G,A
1174,8,id8004814,0,18219379,A,G
1175,8,TBGI356007,0,19426777,T,A
1176,8,TBGI356486,0,19700334,T,C
1177,8,id8005361,0,19921605,G,A
1178,8,TBGI356788,0,19957611,C,G
1179,8,id8005445,0,20155020,T,C
1180,8,id8005525,0,20479641,G,A
1181,8,TBGI357302,0,20482504,A,G
1182,8,TBGI357529,0,20717764,A,T
1183,8,TBGI357779,0,20908314,A,T
1184,8,TBGI357936,0,21061877,G,T
1185,8,TBGI358047,0,21112674,T,C
1186,8,TBGI358188,0,21225054,T,C
1187,8,id8005880,0,21287253,A,G
1188,8,TBGI358467,0,21420350,A,G
1189,8,id8006032,0,21628085,G,A
1190,8,id8006511,0,22709022,C,T
1191,8,id8006792,0,24216018,T,C
1192,8,id8006885,0,24969554,A,G
1193,8,id8006891,0,24977404,T,C
1194,8,id8006997,0,25683973,T,A
1195,8,id8007067,0,25990080,C,G
1196,8,id8007252,0,26499752,C,T
1197,8,id8007352,0,26996765,T,A
1198,8,id8007549,0,27574605,T,G
1199,8,id8007709,0,27883943,C,T
1200,8,id8007977,0,28465614,C,T
1201,9,id9000183,0,800369,T,A
1202,9,id9001029,0,4732861,G,C
1203,9,id9001156,0,4955834,C,T
1204,9,id9001308,0,5687879,C,T
1205,9,id9002049,0,7618558,A,G
1206,9,id9002255,0,7864332,T,C
1207,9,id9002505,0,8611549,A,G
1208,9,id9002532,0,8718845,A,G
1209,9,id9002563,0,9278930,G,A
1210,9,id9002640,0,9791879,C,A
1211,9,id9002721,0,10191767,G,A
1212,9,id9002751,0,10222826,G,C
1213,9,id9002966,0,11337691,A,C
1214,9,id9003007,0,11423524,A,C
1215,9,id9003100,0,11773721,A,G
1216,9,id9003257,0,12683870,T,C
1217,9,id9003436,0,13140009,A,G
1218,9,id9003471,0,13204703,G,C
1219,9,TBGI379499,0,13557406,G,A
1220,9,TBGI379659,0,13754643,C,G
1221,9,id9003720,0,14352065,A,G
1222,9,TBGI380079,0,14360720,A,T
1223,9,TBGI380435,0,14448979,G,A
1224,9,id9003980,0,15086456,A,C
1225,9,id9004100,0,15380799,T,C
1226,9,id9004486,0,16066149,C,T
1227,9,id9004640,0,16274633,T,A
1228,9,id9004788,0,16533212,G,A
1229,9,id9005089,0,17135276,G,A
1230,9,id9005403,0,17656680,G,A
1231,9,id9005502,0,17838237,G,A
1232,9,id9006377,0,19020266,C,A
1233,9,id9006421,0,19067066,A,C
1234,9,id9006665,0,19508688,G,T
1235,9,id9006910,0,19919047,T,C
1236,9,TBGI388573,0,19967637,A,G
1237,9,TBGI388885,0,20323105,T,C
1238,9,id9007259,0,21959597,G,C
1239,9,id9007356,0,22436047,A,G
1240,9,id9007622,0,23091791,T,C
1241,9,id9007763,0,23361116,G,T
1242,9,id9007850,0,23571010,C,T
1243,10,id10000028,0,158129,C,T
1244,10,id10000350,0,1657153,G,A
1245,10,id10000498,0,2038800,C,A
1246,10,id10000996,0,3481742,A,G
1247,10,id10001250,0,3999005,T,C
1248,10,id10001636,0,5171461,C,G
1249,10,id10001706,0,5319125,G,C
1250,10,id10002180,0,6543844,C,A
1251,10,id10002329,0,7002473,A,G
1252,10,id10002406,0,7254303,A,G
1253,10,id10002660,0,9918841,G,T
1254,10,id10002779,0,10607086,A,G
1255,10,id10002842,0,10917767,G,A
1256,10,id10002943,0,11452837,C,A
1257,10,id10003148,0,12144340,A,G
1258,10,id10003185,0,12258337,A,G
1259,10,TBGI404926,0,13025187,A,G
1260,10,TBGI405262,0,13379366,C,G
1261,10,TBGI405408,0,13517886,0,C
1262,10,id10003462,0,13539364,G,C
1263,10,TBGI405706,0,13960740,A,G
1264,10,id10003620,0,14138695,T,C
1265,10,TBGI406116,0,14320152,A,G
1266,10,TBGI406289,0,14507149,G,A
1267,10,TBGI406425,0,14570693,A,G
1268,10,TBGI406634,0,14658717,T,C
1269,10,id10003842,0,15048412,A,G
1270,10,TBGI407090,0,15193303,A,G
1271,10,TBGI407199,0,15305001,0,A
1272,10,TBGI407363,0,15369802,A,G
1273,10,TBGI407485,0,15485823,A,T
1274,10,id10004275,0,16252942,C,T
1275,10,id10005180,0,18326033,G,A
1276,10,id10005716,0,19249491,C,A
1277,10,id10006100,0,19833428,C,A
1278,10,id10006161,0,19978883,T,G
1279,10,id10006328,0,20426137,C,T
1280,10,id10006353,0,20549302,A,G
1281,10,id10006910,0,22344769,G,A
1282,10,id10007079,0,22942721,C,T
1283,11,id11000399,0,1473671,T,C
1284,11,id11000622,0,2095277,C,T
1285,11,id11000784,0,2500288,A,G
1286,11,id11000858,0,2726164,A,G
1287,11,id11000980,0,3074100,T,A
1288,11,id11001107,0,3375436,T,C
1289,11,id11001422,0,3690805,T,A
1290,11,id11001559,0,3942492,A,G
1291,11,id11001683,0,4232395,G,A
1292,11,id11001759,0,4399467,T,A
1293,11,id11001993,0,4974175,T,G
1294,11,id11002142,0,5199161,T,C
1295,11,id11002205,0,5356409,T,C
1296,11,id11002440,0,5782075,A,C
1297,11,id11002631,0,6048818,A,C
1298,11,id11002764,0,6621411,A,G
1299,11,id11002801,0,6867356,C,T
1300,11,id11003236,0,8468863,T,C
1301,11,id11003531,0,9126288,T,C
1302,11,id11004148,0,11630682,G,A
1303,11,id11004739,0,16147949,T,G
1304,11,id11005447,0,17970004,C,T
1305,11,id11005646,0,18431425,G,C
1306,11,id11005961,0,18956034,G,C
1307,11,id11006022,0,19036730,A,G
1308,11,id11006140,0,19313697,G,A
1309,11,id11006351,0,19920762,T,A
1310,11,id11006588,0,20322378,A,G
1311,11,id11006897,0,20894789,T,C
1312,11,id11007012,0,21001903,T,C
1313,11,id11007320,0,21462009,A,G
1314,11,id11007518,0,21890828,A,T
1315,11,id11007625,0,21973835,C,T
1316,11,id11007803,0,22522119,T,C
1317,11,id11007840,0,22619825,C,T
1318,11,id11007973,0,23091832,C,T
1319,11,id11008036,0,23288639,C,T
1320,11,id11008054,0,23315869,A,T
1321,11,id11008214,0,23886691,T,G
1322,11,id11008525,0,24389247,A,G
1323,11,id11008945,0,25019069,T,G
1324,11,id11008951,0,25020958,C,T
1325,11,id11009094,0,25396571,T,C
1326,11,id11009117,0,25400557,A,C
1327,11,id11009168,0,25523534,T,C
1328,11,id11009575,0,26647944,T,C
1329,11,id11009613,0,26686282,T,C
1330,11,id11009930,0,27160692,T,A
1331,11,id11010097,0,27458466,G,T
1332,11,id11010245,0,27873594,T,G
1333,11,id11010309,0,28046569,G,T
1334,11,id11010335,0,28143109,G,A
1335,11,id11010447,0,28318123,A,T
1336,11,id11010502,0,28391001,T,C
1337,11,id11010811,0,29206716,C,T
1338,11,id11010996,0,29495809,C,A
1339,11,id11011159,0,29665527,T,C
1340,11,id11011285,0,29847857,C,T
1341,11,id11011505,0,30575776,A,T
1342,12,id12000266,0,725535,T,C
1343,12,TBGI456584,0,1023369,A,G
1344,12,TBGI456714,0,1156934,T,G
1345,12,TBGI456758,0,1165575,T,C
1346,12,TBGI456801,0,1210120,A,G
1347,12,TBGI456906,0,1294401,0,C
1348,12,id12000592,0,1304968,C,T
1349,12,TBGI456962,0,1320452,G,A
1350,12,TBGI457013,0,1403094,T,A
1351,12,TBGI457167,0,1506120,T,C
1352,12,TBGI457812,0,2013497,G,T
1353,12,id12001007,0,2173074,A,G
1354,12,TBGI458055,0,2283931,A,C
1355,12,TBGI458124,0,2341379,G,A
1356,12,id12001224,0,2963765,C,T
1357,12,id12001321,0,3208559,C,T
1358,12,id12001513,0,3650678,T,A
1359,12,id12001748,0,3989938,T,C
1360,12,id12001996,0,4449205,C,A
1361,12,id12002700,0,6731595,T,C
1362,12,id12002778,0,7010178,G,A
1363,12,id12002920,0,7329067,C,A
1364,12,id12003066,0,7666455,A,G
1365,12,id12003862,0,9862916,A,C
1366,12,id12004160,0,10766968,C,G
1367,12,id12004178,0,10798985,T,C
1368,12,id12004271,0,11138475,T,C
1369,12,id12004885,0,13846123,C,T
1370,12,id12005278,0,14979669,A,G
1371,12,id12005302,0,15042278,C,T
1372,12,id12005677,0,16742841,C,A
1373,12,id12005822,0,17559417,A,G
1374,12,id12005835,0,17590988,T,C
1375,12,id12005892,0,17665387,G,A
1376,12,id12005991,0,17836385,G,A
1377,12,id12006515,0,19621574,G,A
1378,12,id12006560,0,19666867,G,A
1379,12,id12006801,0,21041644,C,T
1380,12,id12007081,0,21819992,C,A
1381,12,id12007161,0,21874835,C,T
1382,12,id12007407,0,22338078,T,A
1383,12,id12007506,0,22383248,G,A
1384,12,id12007629,0,22726755,C,T
1385,12,id12007720,0,23027867,T,G
1386,12,id12007742,0,23086575,T,G
1387,12,id12007988,0,23491419,T,C
1388,12,id12008136,0,23728616,G,C
1389,12,id12008285,0,23933567,C,A
1390,12,id12008328,0,24032630,T,C
1391,12,id12008665,0,24594227,T,G
1392,12,id12008894,0,24948584,A,G
1393,12,id12009153,0,25558936,A,G
1394,12,id12009407,0,26057332,C,T
1395,12,id12009654,0,26360367,A,G
1396,12,id12009820,0,26873949,T,C
1397,12,id12010152,0,27728824,T,C
